epoch,time,train/box_loss,train/cls_loss,train/dfl_loss,metrics/precision(B),metrics/recall(B),metrics/mAP50(B),metrics/mAP50-95(B),val/box_loss,val/cls_loss,val/dfl_loss,lr/pg0,lr/pg1,lr/pg2
1,1.20373,1.68111,3.15139,2.19878,0.00334,1,0.10389,0.03409,1.59504,3.14604,2.58332,3.334e-05,3.334e-05,3.334e-05
2,2.06166,1.71148,3.16086,2.21917,0.00333,1,0.19485,0.07308,1.45296,3.11809,2.38667,8.32675e-05,8.32675e-05,8.32675e-05
3,2.98197,1.33709,2.97455,1.86383,0.00337,1,0.37112,0.16286,1.24257,3.0912,2.16491,0.000133096,0.000133096,0.000133096
4,4.01471,1.29017,2.77779,1.76893,0.00355,1,0.49814,0.19036,1.50093,3.0904,2.34231,0.000182825,0.000182825,0.000182825
5,4.92433,1.24029,2.45969,1.74302,0.00352,1,0.47736,0.19138,1.25128,2.89472,2.12561,0.000232456,0.000232456,0.000232456
6,5.83122,1.24742,2.38903,1.67879,0.00344,1,0.57544,0.2571,1.29104,2.86215,2.07413,0.000281987,0.000281987,0.000281987
7,6.74932,1.10362,2.12653,1.57361,0.00331,0.975,0.42399,0.17999,1.48223,2.82587,2.49977,0.00033142,0.00033142,0.00033142
8,7.92988,1.06246,2.05216,1.55709,0.00336,1,0.53143,0.2687,1.34891,2.61317,2.30538,0.000380753,0.000380753,0.000380753
9,8.84913,1.06236,1.93071,1.52892,0.00338,1,0.51309,0.26108,1.43426,2.60463,2.3688,0.000429987,0.000429987,0.000429987
10,9.76545,1.13326,1.84203,1.57237,0.06503,0.925,0.46182,0.1955,1.94778,2.698,2.78719,0.000479123,0.000479123,0.000479123
11,10.6782,1.07519,1.78014,1.52928,0.00547,0.775,0.24311,0.09456,2.88838,2.85913,3.69598,0.000528159,0.000528159,0.000528159
12,11.609,1.09936,1.8554,1.57154,0.60301,0.11344,0.2433,0.08357,2.30787,2.6988,3.14452,0.000577096,0.000577096,0.000577096
13,12.5381,1.01634,1.59784,1.49254,0.22171,0.6,0.38452,0.1417,1.94139,2.71899,2.95268,0.000625934,0.000625934,0.000625934
14,13.6865,1.02778,1.63028,1.48704,0.76216,0.16554,0.47844,0.18228,2.00194,2.6121,3.16032,0.000674674,0.000674674,0.000674674
15,14.6076,1.04773,1.51478,1.52392,0.70194,0.05,0.35608,0.10062,2.61986,2.80081,3.43797,0.000723314,0.000723314,0.000723314
16,15.5141,1.18388,1.56414,1.59349,0.00049,0.15,0.01167,0.00234,4.47605,3.50292,5.15331,0.000771855,0.000771855,0.000771855
17,16.4199,1.15764,1.62449,1.58176,0.00083,0.25,0.01002,0.00289,4.14227,3.39802,4.59115,0.000820297,0.000820297,0.000820297
18,17.3289,1.12135,1.63534,1.54451,0.00227,0.675,0.0783,0.02324,3.31434,3.29718,3.6595,0.000868641,0.000868641,0.000868641
19,18.492,1.11667,1.59375,1.52945,0.00243,0.725,0.06691,0.02475,3.1201,3.24584,3.57985,0.000916885,0.000916885,0.000916885
20,19.4066,1.08632,1.56349,1.58281,0.6443,0.14227,0.24153,0.06192,2.89626,2.9364,3.35796,0.00096503,0.00096503,0.00096503
21,20.2983,1.15146,1.60344,1.55201,0.67221,0.15074,0.36087,0.12232,2.27622,2.73839,3.36157,0.00101308,0.00101308,0.00101308
22,21.1839,1.10517,1.61821,1.58433,0.36574,0.475,0.39129,0.16322,1.88407,2.27182,3.71201,0.00106102,0.00106102,0.00106102
23,22.0792,1.1987,1.57464,1.61523,0.01954,0.025,0.0046,0.0008,4.06884,3.53839,5.60732,0.00110887,0.00110887,0.00110887
24,22.9524,1.27069,1.60859,1.65784,0.04691,0.225,0.03499,0.00829,2.76841,3.3915,3.64171,0.00115662,0.00115662,0.00115662
25,24.0658,1.17618,1.5527,1.60708,0.29629,0.35,0.13947,0.0525,2.30215,3.58192,3.35014,0.00120427,0.00120427,0.00120427
26,24.9404,1.11055,1.43562,1.5571,0.11055,0.275,0.06652,0.01568,2.45647,3.30972,3.55322,0.00125182,0.00125182,0.00125182
27,25.8187,1.17518,1.52328,1.58812,0.44356,0.27277,0.29138,0.06975,2.42982,2.96586,4.66933,0.00129927,0.00129927,0.00129927
28,26.6882,1.19041,1.5859,1.62839,0.13631,0.325,0.14807,0.05146,2.05538,3.17529,3.44916,0.00134663,0.00134663,0.00134663
29,27.5572,1.15021,1.46247,1.5827,0.09183,0.175,0.04624,0.01275,2.4325,3.6818,3.65608,0.00139388,0.00139388,0.00139388
30,28.6913,1.14293,1.44149,1.55794,0.0925,0.175,0.05006,0.01377,2.54987,4.98975,4.03951,0.00144103,0.00144103,0.00144103
31,29.5557,1.18066,1.35512,1.62207,0.01758,0.1,0.00914,0.00211,3.6652,9.71331,5.97827,0.00148809,0.00148809,0.00148809
32,30.4293,1.22776,1.51279,1.65014,0.00152,0.05,0.00048,0.00012,4.45165,54.4524,8.4327,0.00153505,0.00153505,0.00153505
33,31.2916,1.31044,1.5535,1.72851,0.001,0.175,0.00329,0.0005,3.85001,25.5157,6.11337,0.00158191,0.00158191,0.00158191
34,32.159,1.16275,1.46315,1.5545,0.03216,0.05,0.00262,0.00027,5.36314,36.1285,8.03512,0.00161254,0.00161254,0.00161254
35,33.0178,1.20049,1.4461,1.66666,0.64673,0.325,0.16805,0.04213,2.79296,7.45758,5.01812,0.00161089,0.00161089,0.00161089
36,34.1302,1.2417,1.36348,1.68371,0.5817,0.2,0.07038,0.01896,2.40491,6.31003,3.87619,0.00160924,0.00160924,0.00160924
37,34.9949,1.21578,1.39239,1.63544,0.11061,0.075,0.04433,0.0074,3.23929,4.73628,4.7085,0.00160759,0.00160759,0.00160759
38,35.862,1.21394,1.34625,1.62226,0.08293,0.075,0.04127,0.01172,2.81211,3.70882,3.72872,0.00160594,0.00160594,0.00160594
39,36.7225,1.29258,1.42438,1.70834,0.07706,0.1,0.02754,0.01016,2.3961,3.62271,3.40408,0.00160429,0.00160429,0.00160429
40,37.5876,1.31681,1.44054,1.68876,0.02275,0.15,0.01956,0.00509,2.69058,3.81196,3.40244,0.00160264,0.00160264,0.00160264
41,38.7035,1.25795,1.46257,1.67374,0.16873,0.225,0.12532,0.02618,2.71371,3.22958,3.77026,0.00160099,0.00160099,0.00160099
42,39.5656,1.21668,1.33606,1.65489,0.3355,0.46282,0.26271,0.05137,3.11853,2.4326,4.08751,0.00159934,0.00159934,0.00159934
43,40.4218,1.16528,1.41673,1.65268,0.21979,0.4,0.16348,0.06177,3.00755,20.0337,5.38535,0.00159769,0.00159769,0.00159769
44,41.2743,1.26869,1.3916,1.69428,0.53998,0.15,0.04722,0.01037,3.36187,4.39521,5.33179,0.00159604,0.00159604,0.00159604
45,42.1334,1.19547,1.31558,1.63177,0.28841,0.30642,0.24121,0.06266,2.56069,2.80845,4.0789,0.00159439,0.00159439,0.00159439
46,42.9993,1.21159,1.24531,1.60273,0.17478,0.525,0.19547,0.03828,2.49237,8.42865,4.06319,0.00159274,0.00159274,0.00159274
47,44.1,1.16554,1.28944,1.5644,0.56236,0.45,0.41788,0.12873,2.3289,2.48478,3.46336,0.00159108,0.00159108,0.00159108
48,44.982,1.2114,1.31214,1.64039,0.53324,0.25,0.27817,0.0616,2.73504,2.51759,3.68445,0.00158943,0.00158943,0.00158943
49,45.8462,1.18034,1.27181,1.60953,0.7864,0.48899,0.59857,0.19097,2.33177,1.84835,3.18888,0.00158778,0.00158778,0.00158778
50,46.719,1.14537,1.14048,1.58686,0.59538,0.64963,0.5612,0.31271,1.84203,2.00597,2.70257,0.00158613,0.00158613,0.00158613
51,47.6005,1.18819,1.20387,1.58727,0.55822,0.5466,0.38437,0.21005,1.83449,2.65594,2.67327,0.00158448,0.00158448,0.00158448
52,48.71,1.10714,1.13238,1.55411,0.7355,0.42595,0.50092,0.18204,2.09762,2.47464,3.15769,0.00158283,0.00158283,0.00158283
53,49.5623,1.07671,1.09989,1.4995,0.68898,0.6,0.58852,0.18762,2.03585,2.23255,3.23562,0.00158118,0.00158118,0.00158118
54,50.4204,1.08569,1.06258,1.5109,0.58809,0.475,0.48232,0.19029,2.00098,2.12212,3.04844,0.00157953,0.00157953,0.00157953
55,51.279,1.15059,1.13673,1.57513,0.56945,0.4,0.40626,0.20301,1.95217,2.45792,3.06449,0.00157788,0.00157788,0.00157788
56,52.1551,1.1127,1.14314,1.55354,0.66781,0.55,0.62124,0.27403,2.03215,1.74285,3.3231,0.00157623,0.00157623,0.00157623
57,53.0365,1.03054,1.10126,1.47596,0.53273,0.625,0.5509,0.23319,2.19997,1.77958,3.34951,0.00157458,0.00157458,0.00157458
58,54.1528,1.10825,1.14912,1.54803,0.3542,0.55,0.39679,0.15078,2.20962,2.14609,3.32415,0.00157293,0.00157293,0.00157293
59,55.0193,1.13134,1.11123,1.52875,0.46258,0.45,0.22051,0.09542,2.0475,2.9042,3.08196,0.00157128,0.00157128,0.00157128
60,55.8813,1.17351,1.1805,1.55462,0.22518,0.25,0.17108,0.03913,2.64854,3.08864,3.61467,0.00156963,0.00156963,0.00156963
61,56.7471,1.09366,1.04379,1.50595,0.4546,0.425,0.33744,0.16686,1.95634,2.55805,2.86811,0.00156798,0.00156798,0.00156798
62,57.6157,1.18055,1.13682,1.5635,0.24829,0.375,0.23783,0.07028,2.0174,3.03886,2.65036,0.00156633,0.00156633,0.00156633
63,58.72,1.05301,1.04576,1.50868,0.30094,0.32824,0.17077,0.04972,2.11842,3.32153,2.81447,0.00156468,0.00156468,0.00156468
64,59.5782,1.08649,1.05442,1.49757,0.13727,0.325,0.05328,0.01532,2.1134,4.19347,2.87638,0.00156303,0.00156303,0.00156303
65,60.4537,1.14175,1.12786,1.57205,0.58803,0.3,0.10418,0.03717,2.10373,3.97844,2.90596,0.00156138,0.00156138,0.00156138
66,61.3276,1.07411,1.16276,1.49719,0.64927,0.6,0.58505,0.23395,2.22244,1.9127,3.09716,0.00155973,0.00155973,0.00155973
67,62.2001,1.03653,1.00782,1.48912,0.29573,0.51372,0.31483,0.10999,2.30275,2.50845,3.52195,0.00155808,0.00155808,0.00155808
68,63.0696,1.04465,1.0555,1.50127,0.31902,0.40499,0.25925,0.06999,2.56667,3.31284,3.84706,0.00155643,0.00155643,0.00155643
69,64.1868,1.09822,1.02281,1.53369,0.47453,0.6527,0.57399,0.2194,2.22292,2.21754,3.24668,0.00155478,0.00155478,0.00155478
70,65.0733,1.07759,1.00222,1.55444,0.37075,0.48752,0.34297,0.10616,2.23147,2.6764,3.01585,0.00155313,0.00155313,0.00155313
71,65.9501,1.04242,1.03235,1.47032,0.31245,0.44693,0.23171,0.07021,2.23759,2.72215,3.09279,0.00155148,0.00155148,0.00155148
72,66.8275,1.1873,1.13631,1.57181,0.609,0.625,0.62571,0.27628,1.8308,1.7023,2.82041,0.00154983,0.00154983,0.00154983
73,67.7101,1.10661,1.10564,1.5691,0.72158,0.725,0.79022,0.3942,1.75635,1.35695,2.68752,0.00154818,0.00154818,0.00154818
74,68.8416,1.05553,0.976,1.48377,0.72213,0.39971,0.24958,0.12223,1.74443,2.89307,2.74051,0.00154653,0.00154653,0.00154653
75,69.7122,1.05652,1.06459,1.46432,0.678,0.41472,0.16977,0.07544,1.81378,3.72994,2.84505,0.00154488,0.00154488,0.00154488
76,70.5785,1.01356,0.98409,1.4645,0.6506,0.70363,0.53994,0.26597,1.78454,2.29082,2.6622,0.00154323,0.00154323,0.00154323
77,71.4438,1.00337,0.98527,1.48174,0.70066,0.64676,0.5874,0.23056,1.99478,2.10065,2.84476,0.00154157,0.00154157,0.00154157
78,72.3135,1.0605,0.95051,1.49333,0.7066,0.7,0.71959,0.33224,1.77216,1.66259,2.6356,0.00153992,0.00153992,0.00153992
79,73.1928,1.07763,0.97853,1.48792,0.54327,0.675,0.72736,0.33593,1.70266,1.89273,2.52685,0.00153827,0.00153827,0.00153827
80,74.3048,1.05344,0.97276,1.47299,0.39443,0.39396,0.29151,0.1153,2.21829,2.91087,3.13374,0.00153662,0.00153662,0.00153662
81,75.1854,1.02707,0.98076,1.45487,0.60035,0.6077,0.5361,0.26243,1.98456,2.03849,3.01949,0.00153497,0.00153497,0.00153497
82,76.0612,1.07757,0.99502,1.54614,0.644,0.73191,0.69863,0.33398,1.83626,1.53889,3.01137,0.00153332,0.00153332,0.00153332
83,76.929,1.04945,1.02057,1.47902,0.55263,0.55,0.4293,0.19504,1.86145,2.5083,2.65577,0.00153167,0.00153167,0.00153167
84,77.8111,1.01557,0.94846,1.45736,0.66134,0.675,0.52936,0.23875,1.95281,2.22525,2.80927,0.00153002,0.00153002,0.00153002
85,78.9434,0.99172,0.86457,1.43199,0.80803,0.61896,0.67926,0.37526,1.75804,1.63926,2.72205,0.00152837,0.00152837,0.00152837
86,79.8042,0.93151,0.89103,1.40174,0.69117,0.8,0.77091,0.39658,1.78254,1.20937,2.86052,0.00152672,0.00152672,0.00152672
87,80.6879,1.00859,0.91705,1.47251,0.7857,0.55,0.68995,0.34155,1.8556,1.39079,2.96698,0.00152507,0.00152507,0.00152507
88,81.5572,1.0501,0.89239,1.47909,0.63207,0.85782,0.77146,0.32794,1.90701,1.48817,2.66991,0.00152342,0.00152342,0.00152342
89,82.4323,1.05213,0.86958,1.50472,0.62884,0.575,0.59815,0.22538,2.09373,1.79242,2.91186,0.00152177,0.00152177,0.00152177
90,83.3019,1.02943,0.8953,1.46952,0.62291,0.62086,0.65045,0.29496,1.91703,1.65715,2.77113,0.00152012,0.00152012,0.00152012
91,84.4085,1.008,0.93614,1.42503,0.62241,0.62538,0.63749,0.22807,2.09661,1.64343,2.968,0.00151847,0.00151847,0.00151847
92,85.2812,0.97068,0.92258,1.44439,0.69203,0.65,0.71939,0.33545,1.80942,1.4573,2.77397,0.00151682,0.00151682,0.00151682
93,86.1512,0.95582,0.90968,1.41015,0.79888,0.69216,0.81443,0.41386,1.66532,1.36178,2.65375,0.00151517,0.00151517,0.00151517
94,87.0315,0.96188,0.88379,1.3973,0.77191,0.825,0.79831,0.38973,1.74092,1.4655,2.54107,0.00151352,0.00151352,0.00151352
95,87.9093,0.99171,0.89472,1.41423,0.78194,0.75893,0.79154,0.35238,1.90482,1.48189,2.74478,0.00151187,0.00151187,0.00151187
96,89.0568,0.92744,0.85851,1.39706,0.77686,0.775,0.81708,0.35832,1.87058,1.40201,2.87952,0.00151022,0.00151022,0.00151022
97,89.921,1.02801,0.85592,1.43663,0.78988,0.7025,0.81857,0.38273,1.83993,1.37908,2.84924,0.00150857,0.00150857,0.00150857
98,90.7845,0.98587,0.85526,1.41923,0.65563,0.53203,0.60246,0.21073,2.04946,2.1293,2.85814,0.00150692,0.00150692,0.00150692
99,91.6518,1.03616,0.91064,1.48157,0.66469,0.575,0.57812,0.26229,1.73258,2.00376,2.56916,0.00150527,0.00150527,0.00150527
100,92.5156,0.93274,0.84415,1.38478,0.79851,0.7635,0.78749,0.39955,1.65561,1.28699,2.66955,0.00150362,0.00150362,0.00150362
101,93.391,1.00214,0.89608,1.47396,0.87802,0.8,0.88522,0.51698,1.51492,1.08099,2.41041,0.00150197,0.00150197,0.00150197
102,94.5217,0.9399,0.83647,1.41531,0.82321,0.7,0.83517,0.46147,1.6209,1.12791,2.46335,0.00150032,0.00150032,0.00150032
103,95.3993,0.96899,0.88036,1.45115,0.88256,0.66583,0.89425,0.45761,1.65281,1.15479,2.5036,0.00149867,0.00149867,0.00149867
104,96.275,0.91993,0.83943,1.38204,0.683,0.82032,0.84456,0.42801,1.68641,1.15464,2.55385,0.00149702,0.00149702,0.00149702
105,97.1395,0.9323,0.82199,1.45146,0.87348,0.84963,0.93835,0.4782,1.75455,0.94372,2.60633,0.00149537,0.00149537,0.00149537
106,98.0017,1.014,0.8913,1.50656,0.87564,0.77866,0.88822,0.43702,1.69949,1.03934,2.50392,0.00149372,0.00149372,0.00149372
107,99.1186,0.86261,0.77001,1.32617,0.89861,0.71928,0.86183,0.41477,1.82366,1.21024,2.49751,0.00149207,0.00149207,0.00149207
108,99.9836,0.91316,0.76558,1.375,0.89798,0.775,0.8801,0.43943,1.75477,1.10493,2.49623,0.00149041,0.00149041,0.00149041
109,100.844,0.9683,0.77344,1.4889,0.81655,0.775,0.84664,0.4206,1.78422,1.17277,2.5632,0.00148876,0.00148876,0.00148876
110,101.713,0.90526,0.74617,1.36515,0.74862,0.73729,0.83378,0.37657,1.81545,1.27141,2.61356,0.00148711,0.00148711,0.00148711
111,102.582,0.92437,0.86286,1.3996,0.78036,0.81451,0.87809,0.41864,1.77412,1.05529,2.55892,0.00148546,0.00148546,0.00148546
112,103.457,0.94546,0.79358,1.38078,0.7332,0.825,0.79167,0.39831,1.78511,1.52601,2.57067,0.00148381,0.00148381,0.00148381
113,104.586,0.95705,0.90299,1.43398,0.79475,0.775,0.77934,0.37568,1.78889,1.61854,2.66614,0.00148216,0.00148216,0.00148216
114,105.461,0.94812,0.81696,1.4102,0.8186,0.79981,0.84395,0.43731,1.64754,1.21503,2.66061,0.00148051,0.00148051,0.00148051
115,106.341,0.88163,0.73771,1.34675,0.83094,0.85,0.84094,0.38999,1.86569,1.21285,2.96101,0.00147886,0.00147886,0.00147886
116,107.219,1.00394,0.8739,1.49994,0.84176,0.89895,0.88378,0.4498,1.66043,1.10305,2.54262,0.00147721,0.00147721,0.00147721
117,108.086,0.86302,0.82007,1.4193,0.66062,0.69107,0.74862,0.35034,1.6881,1.70641,2.54685,0.00147556,0.00147556,0.00147556
118,109.195,0.98151,0.7927,1.40401,0.74803,0.69313,0.79602,0.42196,1.71255,1.70022,2.56031,0.00147391,0.00147391,0.00147391
119,110.064,0.85707,0.70947,1.32421,0.80449,0.78686,0.86363,0.43246,1.68395,1.31926,2.63707,0.00147226,0.00147226,0.00147226
120,110.932,0.98089,0.83578,1.48877,0.74847,0.89849,0.89622,0.45643,1.58265,1.06353,2.58979,0.00147061,0.00147061,0.00147061
121,111.798,0.85955,0.74838,1.36398,0.85878,0.85,0.86785,0.4729,1.49971,1.1101,2.45128,0.00146896,0.00146896,0.00146896
122,112.663,0.81026,0.72484,1.33348,0.85171,0.82322,0.85943,0.50148,1.49463,1.22525,2.47817,0.00146731,0.00146731,0.00146731
123,113.522,0.978,0.74536,1.3694,0.78995,0.83113,0.80624,0.50056,1.4885,1.28764,2.37593,0.00146566,0.00146566,0.00146566
124,114.635,0.99512,0.87699,1.54235,0.83413,0.76017,0.81185,0.49096,1.49157,1.22748,2.40672,0.00146401,0.00146401,0.00146401
125,115.499,0.92217,0.76629,1.38481,0.8759,0.83429,0.851,0.48189,1.62673,1.11483,2.61331,0.00146236,0.00146236,0.00146236
126,116.361,0.90541,0.74002,1.35474,0.88011,0.85,0.8297,0.43305,1.85076,1.03163,2.98906,0.00146071,0.00146071,0.00146071
127,117.223,0.97252,0.80878,1.46626,0.74962,0.82387,0.80886,0.39074,1.87624,1.16262,2.79747,0.00145906,0.00145906,0.00145906
128,118.086,0.89769,0.72557,1.37077,0.74596,0.775,0.76204,0.35245,1.91053,1.30202,2.82251,0.00145741,0.00145741,0.00145741
129,119.198,0.88146,0.7581,1.3367,0.62039,0.875,0.74315,0.31686,2.0561,1.3818,2.96381,0.00145576,0.00145576,0.00145576
130,120.052,0.93572,0.80707,1.38875,0.76738,0.81605,0.86135,0.45918,1.78864,1.0255,2.73372,0.00145411,0.00145411,0.00145411
131,120.917,0.89737,0.76202,1.37847,0.60805,0.9,0.78526,0.41423,1.77154,1.16213,2.77682,0.00145246,0.00145246,0.00145246
132,121.784,0.95083,0.87853,1.42501,0.62686,0.80995,0.75057,0.31571,1.88765,1.33939,2.84092,0.00145081,0.00145081,0.00145081
133,122.654,0.93163,0.76321,1.41002,0.65856,0.75,0.69528,0.30449,1.88101,1.3011,2.82161,0.00144916,0.00144916,0.00144916
134,123.531,0.84519,0.68195,1.33445,0.87243,0.73134,0.80457,0.40865,1.73056,1.23324,2.7264,0.00144751,0.00144751,0.00144751
135,124.641,0.92628,0.76976,1.41534,0.82592,0.76741,0.76962,0.39577,1.76536,1.27615,2.76553,0.00144586,0.00144586,0.00144586
136,125.506,0.85292,0.77805,1.35415,0.86913,0.69657,0.80912,0.43046,1.69819,1.07549,2.49896,0.00144421,0.00144421,0.00144421
137,126.367,0.85529,0.74288,1.31748,0.85242,0.75,0.83181,0.47097,1.55946,1.01451,2.34925,0.00144256,0.00144256,0.00144256
138,127.231,0.80747,0.77554,1.34142,0.89698,0.75643,0.83636,0.4243,1.77272,0.98365,2.66578,0.0014409,0.0014409,0.0014409
139,128.09,0.86188,0.72671,1.36734,0.90579,0.78292,0.87246,0.44517,1.82433,1.01367,2.68183,0.00143925,0.00143925,0.00143925
140,129.189,0.88728,0.75647,1.37827,0.83849,0.83958,0.86173,0.42247,1.73045,1.05844,2.55619,0.0014376,0.0014376,0.0014376
141,130.047,0.82066,0.70454,1.33759,0.9106,0.75,0.86489,0.42588,1.86578,1.03999,2.92338,0.00143595,0.00143595,0.00143595
142,130.924,0.85718,0.72547,1.37355,0.81033,0.8,0.84404,0.39052,1.94389,1.04027,2.97101,0.0014343,0.0014343,0.0014343
143,131.849,0.9018,0.75395,1.37627,0.73836,0.775,0.79481,0.40428,1.72053,1.20688,2.70462,0.00143265,0.00143265,0.00143265
144,132.755,0.84515,0.72851,1.32481,0.71952,0.82389,0.80613,0.44509,1.60327,1.15044,2.43429,0.001431,0.001431,0.001431
145,133.661,0.85125,0.75109,1.3978,0.85091,0.67204,0.81601,0.46534,1.59754,1.06812,2.47079,0.00142935,0.00142935,0.00142935
146,134.807,0.83942,0.76815,1.39493,0.84246,0.81769,0.84949,0.48382,1.64077,0.97307,2.51365,0.0014277,0.0014277,0.0014277
147,135.711,0.80011,0.70904,1.30963,0.86126,0.76957,0.84331,0.44863,1.70348,0.95408,2.58137,0.00142605,0.00142605,0.00142605
148,136.612,0.85349,0.67465,1.31318,0.78493,0.70616,0.72239,0.31188,1.71334,1.56622,2.5939,0.0014244,0.0014244,0.0014244
149,137.54,0.84599,0.77244,1.31543,0.75557,0.76171,0.72872,0.36602,1.72882,1.64386,2.60049,0.00142275,0.00142275,0.00142275
150,138.444,0.86345,0.71738,1.31671,0.58477,0.70994,0.67626,0.2633,2.0624,1.53717,3.02309,0.0014211,0.0014211,0.0014211
151,139.599,0.77269,0.70027,1.25795,0.6514,0.75476,0.74548,0.32308,2.02112,1.42447,3.0022,0.00141945,0.00141945,0.00141945
152,140.508,0.89081,0.71453,1.36168,0.90392,0.825,0.90065,0.5028,1.56529,1.02751,2.4821,0.0014178,0.0014178,0.0014178
153,141.412,0.82522,0.78073,1.34382,0.60812,0.73739,0.64783,0.24458,2.3019,1.58983,3.45022,0.00141615,0.00141615,0.00141615
154,142.331,0.76732,0.65926,1.30137,0.77489,0.625,0.75819,0.34371,2.13442,1.31851,3.30986,0.0014145,0.0014145,0.0014145
155,143.23,0.84596,0.73989,1.35351,0.68264,0.8,0.78531,0.33897,2.02701,1.28803,3.17626,0.00141285,0.00141285,0.00141285
156,144.133,0.75093,0.77388,1.31189,0.84341,0.8,0.84017,0.39039,1.93874,1.06356,2.99646,0.0014112,0.0014112,0.0014112
157,145.271,0.83888,0.69396,1.34336,0.86103,0.9488,0.92698,0.3413,2.03206,1.02677,3.22378,0.00140955,0.00140955,0.00140955
158,146.169,0.81191,0.68448,1.27524,0.74715,0.775,0.79943,0.33764,1.98684,1.16338,3.07287,0.0014079,0.0014079,0.0014079
159,147.066,0.86502,0.67759,1.33555,0.70371,0.775,0.73965,0.28204,2.1045,1.31083,3.19478,0.00140625,0.00140625,0.00140625
160,147.962,0.8777,0.68243,1.43333,0.74666,0.89505,0.84606,0.43561,1.75892,1.10578,2.69266,0.0014046,0.0014046,0.0014046
161,148.862,0.76616,0.6249,1.29235,0.80017,0.825,0.85244,0.44897,1.76418,1.10994,2.69468,0.00140295,0.00140295,0.00140295
162,150.006,0.85128,0.65962,1.35274,0.81274,0.80357,0.8533,0.44566,1.728,1.01579,2.59836,0.0014013,0.0014013,0.0014013
163,150.893,0.76575,0.69077,1.30481,0.85196,0.87474,0.92727,0.45839,1.82988,1.03459,2.73351,0.00139965,0.00139965,0.00139965
164,151.784,0.84299,0.76251,1.35763,0.75593,0.8,0.87357,0.44679,1.76575,1.23094,2.69785,0.001398,0.001398,0.001398
165,152.683,0.86336,0.73154,1.32954,0.82737,0.7537,0.83111,0.49006,1.64117,1.10934,2.61624,0.00139635,0.00139635,0.00139635
166,153.593,0.8212,0.71043,1.3601,0.86458,0.75233,0.86994,0.46066,1.68367,1.14127,2.58251,0.0013947,0.0013947,0.0013947
167,154.497,0.77535,0.65165,1.27868,0.69205,0.825,0.78234,0.40282,1.67108,1.39488,2.51378,0.00139305,0.00139305,0.00139305
168,155.643,0.80243,0.65189,1.27027,0.76001,0.77583,0.79204,0.40967,1.82725,1.27401,2.71354,0.00139139,0.00139139,0.00139139
169,156.535,0.86291,0.65988,1.37266,0.83469,0.84908,0.88881,0.44911,1.76644,1.03102,2.68795,0.00138974,0.00138974,0.00138974
170,157.428,0.86459,0.70329,1.30894,0.78001,0.82009,0.82545,0.43196,1.83975,1.05774,2.68519,0.00138809,0.00138809,0.00138809
171,158.325,0.82903,0.66832,1.32452,0.57728,0.64355,0.58582,0.22332,2.13138,1.6894,2.97695,0.00138644,0.00138644,0.00138644
172,159.219,0.83055,0.71042,1.2901,0.58001,0.54455,0.44284,0.13535,2.58393,2.31249,3.62019,0.00138479,0.00138479,0.00138479
173,160.362,0.75461,0.62335,1.26648,0.76013,0.75,0.70772,0.35091,1.87491,1.5911,2.90824,0.00138314,0.00138314,0.00138314
174,161.249,0.74423,0.59127,1.27365,0.77197,0.625,0.60989,0.34015,1.69958,2.07304,2.75279,0.00138149,0.00138149,0.00138149
175,162.149,0.74691,0.65249,1.24074,0.80459,0.84369,0.85103,0.45696,1.51429,1.43867,2.49508,0.00137984,0.00137984,0.00137984
176,163.066,0.80948,0.68691,1.30141,0.8388,0.87825,0.90234,0.50554,1.57513,1.02226,2.53766,0.00137819,0.00137819,0.00137819
177,163.974,0.71497,0.68506,1.24997,0.84059,0.88105,0.92915,0.48573,1.6276,0.93364,2.62524,0.00137654,0.00137654,0.00137654
178,164.875,0.77443,0.67484,1.31167,0.82455,0.85,0.89717,0.4644,1.67816,1.02795,2.7705,0.00137489,0.00137489,0.00137489
179,166.018,0.76565,0.65328,1.27657,0.81509,0.875,0.87581,0.4707,1.62796,1.02326,2.733,0.00137324,0.00137324,0.00137324
180,166.913,0.76177,0.64247,1.2895,0.82021,0.9,0.90506,0.44414,1.75945,0.93401,2.89574,0.00137159,0.00137159,0.00137159
181,167.827,0.78233,0.70253,1.28395,0.87346,0.92189,0.88906,0.424,1.82188,0.98356,3.01609,0.00136994,0.00136994,0.00136994
182,168.731,0.85214,0.70176,1.3326,0.86643,0.85514,0.86834,0.44884,1.67361,0.99613,2.6536,0.00136829,0.00136829,0.00136829
183,169.646,0.75829,0.63262,1.27407,0.81128,0.875,0.80971,0.48244,1.55714,0.96831,2.59228,0.00136664,0.00136664,0.00136664
184,170.784,0.76916,0.6495,1.25803,0.87041,0.89658,0.88481,0.4888,1.58612,1.00162,2.64645,0.00136499,0.00136499,0.00136499
185,171.677,0.74702,0.65023,1.2614,0.85093,0.88744,0.90714,0.53249,1.59622,0.97314,2.64886,0.00136334,0.00136334,0.00136334
186,172.591,0.77366,0.60599,1.28333,0.75793,0.875,0.85786,0.48157,1.68069,1.17217,2.78187,0.00136169,0.00136169,0.00136169
187,173.49,0.76508,0.60592,1.26536,0.83261,0.7977,0.81379,0.41971,1.76421,1.21203,2.89797,0.00136004,0.00136004,0.00136004
188,174.403,0.79755,0.72193,1.30267,0.80313,0.875,0.8485,0.47551,1.62565,1.12936,2.71563,0.00135839,0.00135839,0.00135839
189,175.314,0.6982,0.57885,1.23821,0.85837,0.87177,0.90318,0.48695,1.58721,0.93276,2.64371,0.00135674,0.00135674,0.00135674
190,176.461,0.77464,0.67329,1.29126,0.83118,0.83482,0.85902,0.47087,1.61982,1.03749,2.56558,0.00135509,0.00135509,0.00135509
191,177.364,0.89021,0.79798,1.36834,0.80106,0.8883,0.8718,0.44787,1.61252,1.07605,2.55101,0.00135344,0.00135344,0.00135344
192,178.268,0.72176,0.71669,1.24345,0.84659,0.75852,0.83283,0.43381,1.65603,1.18019,2.57028,0.00135179,0.00135179,0.00135179
193,179.169,0.76466,0.66994,1.27002,0.75282,0.8011,0.81253,0.39875,1.78271,1.17506,2.79968,0.00135014,0.00135014,0.00135014
194,180.057,0.77004,0.64834,1.26765,0.74589,0.75434,0.80302,0.35235,1.94529,1.38474,3.03964,0.00134849,0.00134849,0.00134849
195,181.202,0.74649,0.63537,1.27282,0.81958,0.79177,0.86135,0.43043,1.86248,1.30198,2.84609,0.00134684,0.00134684,0.00134684
196,182.094,0.79499,0.62107,1.30824,0.844,0.83532,0.89231,0.4432,1.84791,1.1313,2.77589,0.00134519,0.00134519,0.00134519
197,182.995,0.74118,0.59442,1.26624,0.86851,0.8,0.88538,0.43258,1.81523,1.08942,2.81167,0.00134354,0.00134354,0.00134354
198,183.899,0.78376,0.64709,1.25514,0.7587,0.85,0.85976,0.46837,1.59936,1.13302,2.58043,0.00134188,0.00134188,0.00134188
199,184.808,0.77351,0.63846,1.31541,0.83864,0.82275,0.84116,0.47638,1.58582,1.09776,2.56256,0.00134023,0.00134023,0.00134023
200,185.718,0.7478,0.58536,1.25911,0.85466,0.9,0.87337,0.4547,1.63545,1.22713,2.61971,0.00133858,0.00133858,0.00133858
201,186.857,0.77032,0.6654,1.24103,0.74203,0.825,0.78847,0.37497,1.856,1.4028,2.84846,0.00133693,0.00133693,0.00133693
202,187.758,0.70071,0.5796,1.23092,0.70588,0.85,0.81352,0.40007,1.79496,1.41398,2.92627,0.00133528,0.00133528,0.00133528
203,188.669,0.74313,0.55047,1.26368,0.80439,0.79652,0.83372,0.42892,1.81147,1.30912,3.17243,0.00133363,0.00133363,0.00133363
204,189.566,0.80657,0.65429,1.29243,0.84636,0.81642,0.88289,0.43572,1.79543,1.10032,2.94484,0.00133198,0.00133198,0.00133198
205,190.469,0.75413,0.58333,1.30962,0.75878,0.9,0.87535,0.4316,1.749,1.00776,2.90123,0.00133033,0.00133033,0.00133033
206,191.625,0.72811,0.66251,1.20348,0.81189,0.7569,0.83038,0.41603,1.77433,1.04957,3.06985,0.00132868,0.00132868,0.00132868
207,192.518,0.72088,0.59154,1.2529,0.77877,0.78748,0.77771,0.40623,1.80484,1.05754,3.08186,0.00132703,0.00132703,0.00132703
208,193.433,0.69816,0.61166,1.22658,0.88499,0.84108,0.89179,0.47748,1.69362,1.01406,2.74461,0.00132538,0.00132538,0.00132538
209,194.333,0.70505,0.59378,1.22477,0.83955,0.90579,0.89977,0.48943,1.62049,1.08233,2.67824,0.00132373,0.00132373,0.00132373
210,195.237,0.73337,0.64203,1.23571,0.80472,0.94737,0.90503,0.47957,1.64854,1.04489,2.71728,0.00132208,0.00132208,0.00132208
211,196.143,0.70794,0.54752,1.23704,0.8631,0.85,0.87826,0.46269,1.65957,1.07824,2.76403,0.00132043,0.00132043,0.00132043
212,197.29,0.6539,0.58757,1.20431,0.8674,0.81596,0.87007,0.46044,1.59335,0.97203,2.77062,0.00131878,0.00131878,0.00131878
213,198.191,0.78737,0.58974,1.29128,0.92227,0.825,0.9234,0.47811,1.65975,0.89307,2.71617,0.00131713,0.00131713,0.00131713
214,199.097,0.69916,0.54215,1.26256,0.85503,0.82098,0.847,0.44003,1.72969,1.07086,2.65293,0.00131548,0.00131548,0.00131548
215,200,0.73929,0.62564,1.23816,0.67406,0.775,0.76856,0.37787,1.79883,1.39092,2.73076,0.00131383,0.00131383,0.00131383
216,200.914,0.71272,0.5678,1.22165,0.65987,0.875,0.78643,0.38245,1.75811,1.40818,2.6728,0.00131218,0.00131218,0.00131218
217,202.064,0.68746,0.59592,1.20141,0.82975,0.775,0.81001,0.4019,1.79364,1.40732,2.67996,0.00131053,0.00131053,0.00131053
218,202.951,0.694,0.58015,1.23703,0.84351,0.725,0.82716,0.40201,1.75962,1.42825,2.6715,0.00130888,0.00130888,0.00130888
219,203.851,0.70806,0.57804,1.24597,0.87235,0.7,0.84926,0.44723,1.67702,1.46754,2.53968,0.00130723,0.00130723,0.00130723
220,204.749,0.66084,0.54993,1.20659,0.89383,0.82366,0.91228,0.46833,1.68739,1.10877,2.52834,0.00130558,0.00130558,0.00130558
221,205.664,0.7511,0.62754,1.26329,0.92289,0.925,0.94104,0.48447,1.67925,0.9934,2.69806,0.00130393,0.00130393,0.00130393
222,206.573,0.70384,0.55126,1.27715,0.82563,0.85604,0.82467,0.44389,1.68145,1.14274,2.80289,0.00130228,0.00130228,0.00130228
223,207.718,0.78828,0.6487,1.27788,0.82369,0.87957,0.81706,0.44077,1.74254,1.09567,2.91661,0.00130063,0.00130063,0.00130063
224,208.613,0.69544,0.61456,1.275,0.80549,0.84534,0.8106,0.4235,1.67516,1.14712,2.7844,0.00129898,0.00129898,0.00129898
225,209.508,0.67888,0.522,1.2156,0.85601,0.83196,0.85491,0.43002,1.69851,1.17251,2.81124,0.00129733,0.00129733,0.00129733
226,210.407,0.7088,0.55757,1.26136,0.83595,0.76157,0.83922,0.41761,1.74683,1.26471,2.93166,0.00129568,0.00129568,0.00129568
227,211.308,0.62725,0.5089,1.18942,0.88181,0.86332,0.85126,0.37913,1.90955,1.22957,3.19445,0.00129403,0.00129403,0.00129403
228,212.45,0.70571,0.555,1.22581,0.75477,0.82161,0.78894,0.38587,1.87257,1.21156,3.12425,0.00129238,0.00129238,0.00129238
229,213.335,0.70682,0.54257,1.2135,0.78136,0.88514,0.8334,0.45585,1.67236,1.03416,2.77151,0.00129072,0.00129072,0.00129072
230,214.242,0.68722,0.55984,1.24176,0.82361,0.875,0.88757,0.51189,1.55163,0.98416,2.5728,0.00128907,0.00128907,0.00128907
231,215.143,0.67533,0.57379,1.23829,0.81002,0.88703,0.87053,0.50064,1.61428,0.97897,2.77307,0.00128742,0.00128742,0.00128742
232,216.039,0.72495,0.58135,1.25327,0.83367,0.84792,0.86269,0.50068,1.60717,1.02503,2.7706,0.00128577,0.00128577,0.00128577
233,216.957,0.69776,0.55959,1.23209,0.78811,0.87165,0.83281,0.4646,1.56407,1.02507,2.64613,0.00128412,0.00128412,0.00128412
234,218.099,0.6317,0.52617,1.19317,0.78376,0.875,0.82671,0.48776,1.50892,1.00536,2.49325,0.00128247,0.00128247,0.00128247
235,219.008,0.75706,0.63448,1.26357,0.80392,0.79077,0.80662,0.50385,1.48799,1.06892,2.40519,0.00128082,0.00128082,0.00128082
236,219.911,0.71211,0.58411,1.22796,0.85691,0.84228,0.86706,0.48975,1.58187,1.01104,2.53242,0.00127917,0.00127917,0.00127917
237,220.806,0.56838,0.50568,1.13644,0.71613,0.89875,0.83909,0.42099,1.75428,1.05721,2.70175,0.00127752,0.00127752,0.00127752
238,221.699,0.70186,0.58115,1.19612,0.70895,0.75,0.7055,0.36187,1.81065,1.1994,2.87516,0.00127587,0.00127587,0.00127587
239,222.848,0.75207,0.59571,1.25218,0.84352,0.80628,0.83234,0.43036,1.61839,1.09093,2.7449,0.00127422,0.00127422,0.00127422
240,223.742,0.70567,0.576,1.2504,0.8803,0.82315,0.8627,0.47491,1.5946,1.00044,2.7249,0.00127257,0.00127257,0.00127257
241,224.641,0.63235,0.56401,1.19576,0.83544,0.86929,0.8396,0.46773,1.60757,1.13667,2.68874,0.00127092,0.00127092,0.00127092
242,225.55,0.71207,0.55002,1.23553,0.88664,0.8922,0.87838,0.50552,1.5475,1.03716,2.58612,0.00126927,0.00126927,0.00126927
243,226.453,0.66125,0.50542,1.18584,0.83483,0.875,0.87312,0.49596,1.53023,1.08286,2.63102,0.00126762,0.00126762,0.00126762
244,227.364,0.61916,0.49721,1.19739,0.81675,0.85695,0.86985,0.50068,1.61286,1.03548,2.76455,0.00126597,0.00126597,0.00126597
245,228.514,0.69049,0.56507,1.22957,0.82974,0.89134,0.87713,0.49483,1.6643,0.94389,2.81948,0.00126432,0.00126432,0.00126432
246,229.419,0.68423,0.6137,1.19864,0.81399,0.85916,0.86954,0.49423,1.61834,1.03321,2.67735,0.00126267,0.00126267,0.00126267
247,230.336,0.65244,0.52504,1.24506,0.80723,0.85,0.84928,0.51912,1.57081,1.0489,2.54934,0.00126102,0.00126102,0.00126102
248,231.246,0.69513,0.64193,1.24121,0.79641,0.80958,0.79185,0.49659,1.53215,1.07156,2.53325,0.00125937,0.00125937,0.00125937
249,232.153,0.62772,0.52591,1.16778,0.85305,0.775,0.83433,0.47827,1.62446,1.19614,2.67509,0.00125772,0.00125772,0.00125772
250,233.302,0.65775,0.54302,1.18214,0.83335,0.81888,0.8585,0.4607,1.71018,1.35679,2.78788,0.00125607,0.00125607,0.00125607
251,234.194,0.66727,0.54163,1.22305,0.84992,0.78847,0.81418,0.44702,1.62732,1.43881,2.62162,0.00125442,0.00125442,0.00125442
252,235.087,0.65857,0.55856,1.21884,0.79609,0.75,0.80967,0.44327,1.63124,1.56246,2.56971,0.00125277,0.00125277,0.00125277
253,235.986,0.60237,0.50848,1.14656,0.86839,0.73463,0.85413,0.44128,1.59943,1.45138,2.57703,0.00125112,0.00125112,0.00125112
254,236.9,0.65033,0.56931,1.22002,0.87295,0.78957,0.84834,0.47083,1.54749,1.27366,2.59171,0.00124947,0.00124947,0.00124947
255,237.811,0.71189,0.56002,1.2478,0.94411,0.83277,0.93986,0.53578,1.54024,0.94631,2.52896,0.00124782,0.00124782,0.00124782
256,238.984,0.6778,0.52678,1.23508,0.88921,0.85,0.90785,0.4528,1.79543,0.94536,2.77521,0.00124617,0.00124617,0.00124617
257,239.885,0.66326,0.53917,1.21161,0.82968,0.85,0.90577,0.43226,1.83254,1.01038,2.76993,0.00124452,0.00124452,0.00124452
258,240.799,0.7338,0.53404,1.23394,0.82062,0.925,0.92375,0.49646,1.49968,0.8512,2.37259,0.00124287,0.00124287,0.00124287
259,241.706,0.70631,0.77245,1.22631,0.88664,0.825,0.90785,0.53216,1.34898,0.90456,2.21893,0.00124121,0.00124121,0.00124121
260,242.617,0.67461,0.57423,1.22436,0.88793,0.82225,0.86458,0.51396,1.49545,1.10809,2.41576,0.00123956,0.00123956,0.00123956
261,243.767,0.71428,0.62335,1.26652,0.86028,0.84129,0.90514,0.47244,1.64213,1.04566,2.6464,0.00123791,0.00123791,0.00123791
262,244.657,0.6615,0.52284,1.17719,0.90465,0.89377,0.92428,0.51164,1.60255,0.92928,2.57009,0.00123626,0.00123626,0.00123626
263,245.552,0.61596,0.50351,1.15796,0.90342,0.9,0.92719,0.53329,1.59721,0.94436,2.5401,0.00123461,0.00123461,0.00123461
264,246.456,0.65139,0.52062,1.19658,0.84866,0.925,0.93459,0.546,1.55122,0.84462,2.47384,0.00123296,0.00123296,0.00123296
265,247.374,0.6696,0.52139,1.25422,0.84979,0.8843,0.93986,0.54836,1.588,0.77606,2.5695,0.00123131,0.00123131,0.00123131
266,248.3,0.58941,0.52184,1.13092,0.88962,0.85,0.92537,0.50628,1.67194,0.80815,2.75776,0.00122966,0.00122966,0.00122966
267,249.444,0.60973,0.51811,1.15125,0.91611,0.82261,0.90188,0.53084,1.44589,0.90706,2.35639,0.00122801,0.00122801,0.00122801
268,250.344,0.63163,0.55209,1.17189,0.88843,0.82362,0.92748,0.5346,1.47845,0.92863,2.42015,0.00122636,0.00122636,0.00122636
269,251.244,0.66311,0.56916,1.17783,0.76483,0.84043,0.87415,0.49812,1.57556,1.12178,2.58061,0.00122471,0.00122471,0.00122471
270,252.147,0.59661,0.48253,1.18628,0.73896,0.74121,0.85061,0.45976,1.61302,1.11117,2.61248,0.00122306,0.00122306,0.00122306
271,253.057,0.6392,0.52954,1.15456,0.70196,0.65622,0.7444,0.39235,1.70575,1.08174,2.64274,0.00122141,0.00122141,0.00122141
272,254.199,0.72803,0.61214,1.28266,0.81098,0.79318,0.84583,0.47373,1.58483,1.05054,2.52024,0.00121976,0.00121976,0.00121976
273,255.084,0.61827,0.48335,1.18971,0.90498,0.7984,0.87191,0.48398,1.55112,0.99623,2.58222,0.00121811,0.00121811,0.00121811
274,255.984,0.65522,0.56091,1.20008,0.94139,0.8,0.89429,0.49059,1.58363,0.95066,2.67496,0.00121646,0.00121646,0.00121646
275,256.891,0.56877,0.46777,1.18379,0.89168,0.883,0.91762,0.52877,1.56372,0.91335,2.69591,0.00121481,0.00121481,0.00121481
276,257.789,0.60015,0.51323,1.16264,0.8337,0.81631,0.89972,0.51292,1.53511,0.99783,2.64611,0.00121316,0.00121316,0.00121316
277,258.706,0.60969,0.52108,1.13109,0.82334,0.8,0.89866,0.52239,1.54034,0.9777,2.67948,0.00121151,0.00121151,0.00121151
278,259.856,0.68689,0.55539,1.21618,0.90799,0.825,0.92241,0.52125,1.54551,0.93135,2.67551,0.00120986,0.00120986,0.00120986
279,260.756,0.64556,0.5128,1.16622,0.84288,0.87064,0.92267,0.52037,1.59444,0.97408,2.71274,0.00120821,0.00120821,0.00120821
280,261.658,0.61274,0.48625,1.14724,0.93187,0.83118,0.9301,0.51784,1.6159,0.94279,2.73792,0.00120656,0.00120656,0.00120656
281,262.585,0.57833,0.53826,1.12125,0.88957,0.775,0.89014,0.50456,1.6031,0.97378,2.65906,0.00120491,0.00120491,0.00120491
282,263.498,0.62989,0.47034,1.16265,0.89598,0.90397,0.94143,0.51972,1.62741,0.93535,2.62119,0.00120326,0.00120326,0.00120326
283,264.652,0.57534,0.48178,1.13534,0.87608,0.8979,0.93777,0.51802,1.59607,0.99566,2.54264,0.00120161,0.00120161,0.00120161
284,265.541,0.61023,0.50697,1.16572,0.87767,0.87317,0.91999,0.50184,1.65159,1.01738,2.65404,0.00119996,0.00119996,0.00119996
285,266.434,0.61207,0.51615,1.1932,0.87948,0.89172,0.93238,0.52172,1.66781,0.91082,2.76923,0.00119831,0.00119831,0.00119831
286,267.347,0.59137,0.5139,1.11489,0.7521,0.85,0.86142,0.47756,1.69233,0.96158,2.80947,0.00119666,0.00119666,0.00119666
287,268.258,0.64882,0.53722,1.23878,0.85775,0.86951,0.90347,0.49085,1.66578,0.93313,2.7597,0.00119501,0.00119501,0.00119501
288,269.175,0.5619,0.53571,1.11971,0.8628,0.90451,0.93599,0.53186,1.55594,0.89634,2.64765,0.00119336,0.00119336,0.00119336
289,270.326,0.6446,0.49236,1.19424,0.87889,0.89028,0.92332,0.50585,1.59411,0.9037,2.73098,0.0011917,0.0011917,0.0011917
290,271.233,0.64677,0.50908,1.17441,0.81546,0.91614,0.92851,0.50145,1.66267,0.97432,2.76362,0.00119005,0.00119005,0.00119005
291,272.148,0.55326,0.47606,1.14052,0.84664,0.83243,0.91706,0.50321,1.62068,0.96416,2.76376,0.0011884,0.0011884,0.0011884
292,273.067,0.5707,0.45777,1.13898,0.91694,0.84821,0.92756,0.55679,1.58446,0.91584,2.6903,0.00118675,0.00118675,0.00118675
293,273.992,0.5946,0.46589,1.16506,0.88737,0.90826,0.94419,0.53119,1.57208,0.89872,2.64021,0.0011851,0.0011851,0.0011851
294,275.153,0.5827,0.5143,1.17257,0.85836,0.9,0.94461,0.50915,1.57964,0.89612,2.64733,0.00118345,0.00118345,0.00118345
295,276.047,0.59844,0.47544,1.17589,0.87622,0.925,0.95511,0.53538,1.53862,0.9604,2.63304,0.0011818,0.0011818,0.0011818
296,276.946,0.54453,0.47842,1.12801,0.8773,0.92209,0.93886,0.5183,1.53088,0.99442,2.65341,0.00118015,0.00118015,0.00118015
297,277.857,0.57567,0.43398,1.12628,0.80377,0.9,0.9082,0.50625,1.48635,1.08778,2.56183,0.0011785,0.0011785,0.0011785
298,278.767,0.62159,0.51493,1.187,0.79775,0.85,0.85283,0.51367,1.45764,1.16964,2.5211,0.00117685,0.00117685,0.00117685
299,279.684,0.66237,0.57203,1.22449,0.86582,0.825,0.8347,0.47795,1.47375,1.07049,2.57186,0.0011752,0.0011752,0.0011752
300,280.834,0.59972,0.47389,1.17177,0.8681,0.86793,0.84771,0.52328,1.43104,1.06024,2.50201,0.00117355,0.00117355,0.00117355
301,281.732,0.56993,0.48289,1.1577,0.84406,0.86985,0.8616,0.51016,1.50228,1.05595,2.54118,0.0011719,0.0011719,0.0011719
302,282.646,0.60131,0.49671,1.15328,0.84066,0.83461,0.8992,0.48936,1.64843,0.97113,2.73589,0.00117025,0.00117025,0.00117025
303,283.56,0.60616,0.49868,1.15661,0.8265,0.90943,0.91463,0.47153,1.74527,0.97671,2.99038,0.0011686,0.0011686,0.0011686
304,284.472,0.63043,0.47043,1.19593,0.87975,0.875,0.92224,0.51111,1.69799,0.91315,2.95725,0.00116695,0.00116695,0.00116695
305,285.63,0.55986,0.45504,1.13517,0.89756,0.83717,0.91224,0.46148,1.80833,0.95776,2.97342,0.0011653,0.0011653,0.0011653
306,286.524,0.59924,0.4821,1.15183,0.95081,0.81795,0.9224,0.44925,1.76321,1.07094,2.7739,0.00116365,0.00116365,0.00116365
307,287.438,0.58291,0.48656,1.14934,0.92148,0.91998,0.94713,0.49281,1.73239,0.93473,2.793,0.001162,0.001162,0.001162
308,288.351,0.60774,0.45992,1.18353,0.90563,0.91928,0.95732,0.47848,1.81855,0.93119,3.01721,0.00116035,0.00116035,0.00116035
309,289.262,0.58712,0.5182,1.16557,0.91524,0.88902,0.96588,0.4975,1.74891,0.87381,3.0249,0.0011587,0.0011587,0.0011587
310,290.187,0.55865,0.47532,1.12959,0.83906,0.91914,0.94213,0.49808,1.68253,0.90954,2.98062,0.00115705,0.00115705,0.00115705
311,291.336,0.52227,0.42263,1.08288,0.84531,0.92135,0.93777,0.45968,1.92574,0.92338,3.2183,0.0011554,0.0011554,0.0011554
312,292.232,0.60974,0.4591,1.19916,0.88679,0.86849,0.89393,0.44924,1.76846,0.97816,3.09207,0.00115375,0.00115375,0.00115375
313,293.14,0.57411,0.47379,1.12989,0.80397,0.87143,0.86921,0.45601,1.77665,0.95749,3.1238,0.0011521,0.0011521,0.0011521
314,294.058,0.6138,0.51898,1.18484,0.85929,0.83489,0.8867,0.47336,1.72597,1.04345,3.02023,0.00115045,0.00115045,0.00115045
315,294.971,0.61269,0.4704,1.19632,0.94807,0.9,0.91238,0.47607,1.69446,0.91359,2.96889,0.0011488,0.0011488,0.0011488
316,296.124,0.53881,0.46107,1.12494,0.89782,0.9,0.92058,0.48848,1.64227,0.91578,2.8965,0.00114715,0.00114715,0.00114715
317,297.028,0.54727,0.48085,1.12498,0.84002,0.89318,0.91178,0.5057,1.59355,0.9813,2.73026,0.0011455,0.0011455,0.0011455
318,297.94,0.62794,0.50006,1.19595,0.81827,0.82397,0.86566,0.52389,1.51644,1.06485,2.49206,0.00114385,0.00114385,0.00114385
319,298.859,0.54563,0.4475,1.10861,0.76418,0.77391,0.78728,0.44767,1.64377,1.2388,2.65732,0.0011422,0.0011422,0.0011422
320,299.77,0.57713,0.46464,1.15038,0.76275,0.81238,0.80414,0.44013,1.59579,1.16399,2.56708,0.00114054,0.00114054,0.00114054
321,300.701,0.59106,0.45798,1.15252,0.71697,0.85,0.80024,0.44276,1.63703,1.20816,2.79075,0.00113889,0.00113889,0.00113889
322,301.867,0.5518,0.47734,1.16582,0.87657,0.825,0.86717,0.47593,1.59114,1.05696,2.71691,0.00113724,0.00113724,0.00113724
323,302.788,0.56399,0.43843,1.16724,0.82029,0.8575,0.88724,0.48914,1.50325,1.05156,2.64216,0.00113559,0.00113559,0.00113559
324,303.712,0.59166,0.50667,1.15893,0.85947,0.82484,0.89186,0.49403,1.59024,1.04958,2.78575,0.00113394,0.00113394,0.00113394
325,304.632,0.5727,0.48145,1.14408,0.8452,0.83217,0.88372,0.4985,1.53468,1.00416,2.60772,0.00113229,0.00113229,0.00113229
326,305.545,0.59186,0.48104,1.15277,0.78533,0.91783,0.91318,0.55025,1.48065,0.84978,2.52516,0.00113064,0.00113064,0.00113064
327,306.715,0.59534,0.48939,1.23031,0.8657,0.82135,0.89704,0.52544,1.51755,0.90195,2.59803,0.00112899,0.00112899,0.00112899
328,307.612,0.52144,0.43436,1.10681,0.84955,0.85022,0.89291,0.5107,1.60016,0.90918,2.71659,0.00112734,0.00112734,0.00112734
329,308.51,0.57475,0.51148,1.17727,0.86409,0.875,0.92052,0.51987,1.57958,0.90494,2.68909,0.00112569,0.00112569,0.00112569
330,309.424,0.57414,0.45038,1.15315,0.95641,0.80885,0.92367,0.50279,1.57616,0.89503,2.65947,0.00112404,0.00112404,0.00112404
331,310.346,0.51837,0.42904,1.09648,0.92213,0.83965,0.93339,0.5063,1.61183,0.88418,2.71167,0.00112239,0.00112239,0.00112239
332,311.255,0.56655,0.50775,1.15396,0.82114,0.9,0.92632,0.49683,1.62904,0.90311,2.78536,0.00112074,0.00112074,0.00112074
333,312.414,0.55571,0.45306,1.12228,0.82289,0.875,0.89272,0.47107,1.70619,1.06129,2.88891,0.00111909,0.00111909,0.00111909
334,313.316,0.66049,0.49613,1.18828,0.76274,0.83431,0.83487,0.43575,1.75747,1.08876,3.01384,0.00111744,0.00111744,0.00111744
335,314.233,0.57593,0.47952,1.15205,0.77127,0.76867,0.82111,0.3937,1.81143,1.14782,3.03561,0.00111579,0.00111579,0.00111579
336,315.139,0.63498,0.47323,1.14499,0.75753,0.7,0.75646,0.387,1.87188,1.17909,3.13865,0.00111414,0.00111414,0.00111414
337,316.056,0.59429,0.5105,1.15388,0.78878,0.8,0.84173,0.4247,1.82146,1.19004,3.08106,0.00111249,0.00111249,0.00111249
338,317.244,0.51985,0.4471,1.09275,0.87168,0.74251,0.84206,0.41984,1.87132,1.20092,3.11714,0.00111084,0.00111084,0.00111084
339,318.166,0.6382,0.53037,1.23468,0.84515,0.825,0.89761,0.45046,1.78306,0.97503,3.02908,0.00110919,0.00110919,0.00110919
340,319.073,0.60624,0.42481,1.1387,0.81368,0.9,0.92311,0.47564,1.71067,1.08286,2.92062,0.00110754,0.00110754,0.00110754
341,319.977,0.55969,0.46069,1.13505,0.82764,0.97193,0.93097,0.48959,1.7581,0.95971,2.99902,0.00110589,0.00110589,0.00110589
342,320.897,0.59592,0.45231,1.16668,0.88625,0.925,0.90241,0.47504,1.79321,1.0045,3.08826,0.00110424,0.00110424,0.00110424
343,321.808,0.56751,0.46195,1.11165,0.90956,0.925,0.91841,0.46408,1.72374,0.91387,2.94152,0.00110259,0.00110259,0.00110259
344,322.962,0.63091,0.43736,1.20701,0.83448,0.90996,0.92355,0.48868,1.64701,0.95926,2.82131,0.00110094,0.00110094,0.00110094
345,323.874,0.46701,0.41186,1.07774,0.79393,0.84423,0.82564,0.45519,1.60885,0.99125,2.81309,0.00109929,0.00109929,0.00109929
346,324.798,0.58595,0.48892,1.17086,0.85133,0.85,0.87471,0.47792,1.63748,0.94878,2.87575,0.00109764,0.00109764,0.00109764
347,325.712,0.56582,0.44276,1.13242,0.91711,0.89651,0.9343,0.47312,1.67411,0.94536,3.02519,0.00109599,0.00109599,0.00109599
348,326.621,0.5834,0.54741,1.14426,0.92145,0.89115,0.92457,0.4981,1.6794,0.96398,3.14807,0.00109434,0.00109434,0.00109434
349,327.78,0.51265,0.41224,1.14314,0.8979,0.9,0.92301,0.50047,1.68918,0.97478,3.13532,0.00109269,0.00109269,0.00109269
350,328.686,0.55145,0.44314,1.11459,0.86495,0.83834,0.90674,0.47616,1.66823,0.97549,2.91635,0.00109103,0.00109103,0.00109103
351,329.605,0.57246,0.48326,1.1431,0.89933,0.88463,0.9299,0.4704,1.63393,1.00353,2.8145,0.00108938,0.00108938,0.00108938
352,330.538,0.58965,0.49976,1.15906,0.90191,0.91548,0.94573,0.4805,1.63526,1.00836,2.86828,0.00108773,0.00108773,0.00108773
353,331.452,0.57367,0.48208,1.14414,0.96438,0.90307,0.95997,0.49715,1.70403,0.96611,2.97428,0.00108608,0.00108608,0.00108608
354,332.373,0.55426,0.45482,1.1177,0.995,0.89992,0.96679,0.52843,1.63378,0.82543,2.77175,0.00108443,0.00108443,0.00108443
355,333.536,0.58188,0.42851,1.15049,0.92843,0.91148,0.963,0.53376,1.59834,0.81599,2.73471,0.00108278,0.00108278,0.00108278
356,334.45,0.5106,0.42576,1.12894,0.89596,0.925,0.96045,0.50649,1.68556,0.91582,2.95958,0.00108113,0.00108113,0.00108113
357,335.365,0.57519,0.48008,1.11397,0.90157,0.89026,0.93493,0.49168,1.75186,0.95738,3.03873,0.00107948,0.00107948,0.00107948
358,336.286,0.53512,0.45591,1.12606,0.89085,0.88409,0.93129,0.48778,1.76405,0.93444,3.01976,0.00107783,0.00107783,0.00107783
359,337.222,0.52731,0.4637,1.10423,0.89749,0.89625,0.94627,0.49749,1.72795,0.89333,2.96951,0.00107618,0.00107618,0.00107618
360,338.387,0.52978,0.40576,1.09778,0.90572,0.86831,0.93531,0.48765,1.72846,0.92278,2.99853,0.00107453,0.00107453,0.00107453
361,339.294,0.46906,0.39309,1.08686,0.86356,0.9,0.94387,0.53343,1.68205,0.91361,2.89955,0.00107288,0.00107288,0.00107288
362,340.197,0.56068,0.45226,1.13421,0.82773,0.89663,0.91633,0.52827,1.62018,0.91158,2.77709,0.00107123,0.00107123,0.00107123
363,341.106,0.59002,0.43012,1.14198,0.80859,0.92418,0.93842,0.54849,1.64376,0.973,2.72897,0.00106958,0.00106958,0.00106958
364,342.038,0.50406,0.44193,1.12481,0.86729,0.8275,0.92171,0.52038,1.71415,0.97621,2.8381,0.00106793,0.00106793,0.00106793
365,342.95,0.57758,0.43474,1.14896,0.75224,0.86133,0.89569,0.50411,1.63592,1.2419,2.8306,0.00106628,0.00106628,0.00106628
366,344.109,0.58833,0.46356,1.13365,0.80789,0.79518,0.8657,0.49266,1.68474,1.40142,2.94751,0.00106463,0.00106463,0.00106463
367,345.026,0.5883,0.44401,1.14856,0.87471,0.8499,0.90016,0.51391,1.70188,1.1223,2.87427,0.00106298,0.00106298,0.00106298
368,345.939,0.61877,0.47517,1.19751,0.91999,0.87128,0.9142,0.52572,1.61235,0.94298,2.73552,0.00106133,0.00106133,0.00106133
369,346.856,0.58247,0.44448,1.10652,0.87807,0.9,0.92922,0.53146,1.63284,0.85056,2.75928,0.00105968,0.00105968,0.00105968
370,347.779,0.52796,0.44673,1.10546,0.8981,0.9,0.92458,0.49445,1.65749,1.03677,2.80595,0.00105803,0.00105803,0.00105803
371,348.945,0.51825,0.46069,1.11109,0.85403,0.866,0.90165,0.45777,1.72286,1.16067,2.96661,0.00105638,0.00105638,0.00105638
372,349.85,0.50898,0.44173,1.12561,0.88062,0.85476,0.90507,0.47208,1.64338,1.11535,2.90741,0.00105473,0.00105473,0.00105473
373,350.766,0.50936,0.4071,1.08998,0.89396,0.87696,0.93248,0.51604,1.54635,0.97732,2.82575,0.00105308,0.00105308,0.00105308
374,351.681,0.52092,0.42817,1.12269,0.87107,0.85,0.89336,0.52575,1.59882,0.98176,2.86709,0.00105143,0.00105143,0.00105143
375,352.598,0.53786,0.43458,1.08437,0.90848,0.86484,0.93695,0.53887,1.52475,0.96588,2.76275,0.00104978,0.00104978,0.00104978
376,353.513,0.4932,0.43248,1.08838,0.85267,0.85,0.87597,0.51335,1.5871,0.96127,2.81911,0.00104813,0.00104813,0.00104813
377,354.676,0.56919,0.49606,1.15361,0.89606,0.85,0.90188,0.51619,1.55221,0.97245,2.75321,0.00104648,0.00104648,0.00104648
378,355.593,0.50906,0.41207,1.08113,0.88458,0.87932,0.8822,0.48848,1.54665,1.0141,2.70311,0.00104483,0.00104483,0.00104483
379,356.507,0.51744,0.41754,1.11919,0.90141,0.75,0.86615,0.4821,1.57379,1.10454,2.83744,0.00104318,0.00104318,0.00104318
380,357.426,0.53425,0.42414,1.12366,0.82644,0.80848,0.85331,0.47768,1.63772,1.14441,2.94789,0.00104152,0.00104152,0.00104152
381,358.347,0.52993,0.43163,1.10586,0.86181,0.84764,0.87262,0.47873,1.70566,0.97645,2.9674,0.00103987,0.00103987,0.00103987
382,359.512,0.54026,0.44216,1.09437,0.9037,0.925,0.93161,0.51524,1.64022,0.86997,2.80259,0.00103822,0.00103822,0.00103822
383,360.415,0.54253,0.40267,1.11552,0.90938,0.93541,0.96075,0.56231,1.5588,0.7965,2.68353,0.00103657,0.00103657,0.00103657
384,361.353,0.5069,0.43597,1.10582,0.87937,0.94994,0.9619,0.54166,1.59307,0.78584,2.74434,0.00103492,0.00103492,0.00103492
385,362.269,0.50756,0.40034,1.10936,0.88289,0.93261,0.95697,0.54555,1.60225,0.83073,2.81675,0.00103327,0.00103327,0.00103327
386,363.188,0.50027,0.46109,1.10777,0.8809,0.9225,0.95654,0.51457,1.65018,0.87155,2.93863,0.00103162,0.00103162,0.00103162
387,364.101,0.51936,0.38747,1.13408,0.89869,0.93738,0.96693,0.52111,1.60603,0.79055,2.86056,0.00102997,0.00102997,0.00102997
388,365.262,0.55756,0.4582,1.15246,0.8968,0.81585,0.90972,0.52214,1.64352,0.85061,2.88865,0.00102832,0.00102832,0.00102832
389,366.171,0.52031,0.4494,1.12734,0.81799,0.91536,0.93468,0.53208,1.60241,0.8394,2.83348,0.00102667,0.00102667,0.00102667
390,367.088,0.48452,0.4108,1.08219,0.85744,0.85,0.92704,0.52088,1.59562,0.86736,2.8508,0.00102502,0.00102502,0.00102502
391,368.002,0.52366,0.40677,1.11911,0.8272,0.95357,0.9454,0.5256,1.64371,0.89786,2.83812,0.00102337,0.00102337,0.00102337
392,368.929,0.48653,0.39836,1.08539,0.8872,0.875,0.93866,0.50769,1.69158,0.95157,2.83773,0.00102172,0.00102172,0.00102172
393,370.102,0.48858,0.39432,1.08963,0.88864,0.86023,0.93413,0.5091,1.69149,0.87011,2.89279,0.00102007,0.00102007,0.00102007
394,371.02,0.51671,0.39683,1.10893,0.89001,0.86113,0.9142,0.49458,1.73088,0.88965,3.00164,0.00101842,0.00101842,0.00101842
395,371.936,0.48783,0.37271,1.07003,0.85115,0.86637,0.88292,0.48365,1.70656,0.9723,2.98144,0.00101677,0.00101677,0.00101677
396,372.85,0.54049,0.45053,1.14502,0.903,0.82516,0.86107,0.48115,1.6942,1.02172,2.91548,0.00101512,0.00101512,0.00101512
397,373.777,0.47161,0.41126,1.07952,0.88634,0.83015,0.87445,0.49228,1.69803,1.01708,2.92627,0.00101347,0.00101347,0.00101347
398,374.702,0.49812,0.38923,1.09678,0.85163,0.84527,0.87599,0.47899,1.72342,0.98558,3.00569,0.00101182,0.00101182,0.00101182
399,375.868,0.47259,0.34489,1.08911,0.82779,0.81066,0.88914,0.48288,1.747,0.96455,2.98068,0.00101017,0.00101017,0.00101017
400,376.781,0.54287,0.40862,1.08385,0.78857,0.775,0.83421,0.47285,1.68456,1.02594,2.90114,0.00100852,0.00100852,0.00100852
401,377.699,0.47442,0.394,1.10252,0.83426,0.78837,0.84846,0.48657,1.61475,1.03508,2.85641,0.00100687,0.00100687,0.00100687
402,378.623,0.46703,0.41358,1.09875,0.83951,0.8,0.82629,0.47358,1.70448,1.07736,2.98475,0.00100522,0.00100522,0.00100522
403,379.547,0.48836,0.38079,1.07678,0.80265,0.825,0.84921,0.4778,1.75856,1.12246,3.04523,0.00100357,0.00100357,0.00100357
404,380.716,0.50508,0.37331,1.07718,0.84505,0.825,0.86689,0.45825,1.746,1.10419,3.0803,0.00100192,0.00100192,0.00100192
405,381.626,0.4478,0.39499,1.07755,0.83906,0.8,0.85963,0.44308,1.74364,1.05145,3.07263,0.00100027,0.00100027,0.00100027
406,382.549,0.47792,0.38471,1.07274,0.87869,0.82022,0.87405,0.47546,1.65909,0.96881,2.89926,0.000998616,0.000998616,0.000998616
407,383.463,0.4727,0.42171,1.09739,0.79728,0.9,0.88324,0.52457,1.55005,0.87166,2.72006,0.000996966,0.000996966,0.000996966
408,384.37,0.50543,0.39257,1.06715,0.86749,0.8,0.88787,0.53476,1.52366,0.87705,2.65593,0.000995316,0.000995316,0.000995316
409,385.282,0.50965,0.3942,1.10638,0.86465,0.79073,0.89234,0.52191,1.51509,0.93844,2.66089,0.000993665,0.000993665,0.000993665
410,386.443,0.46225,0.38074,1.07995,0.89031,0.825,0.8824,0.52358,1.57285,1.02966,2.76011,0.000992015,0.000992015,0.000992015
411,387.359,0.45914,0.43244,1.0678,0.8556,0.775,0.8664,0.49464,1.68829,1.22814,2.93189,0.000990365,0.000990365,0.000990365
412,388.281,0.49428,0.46333,1.12428,0.71258,0.74632,0.75253,0.43297,1.78278,1.55066,3.16204,0.000988714,0.000988714,0.000988714
413,389.198,0.53906,0.40494,1.13266,0.73113,0.72118,0.75833,0.41304,1.77654,1.45634,3.21873,0.000987064,0.000987064,0.000987064
414,390.11,0.54373,0.42396,1.10748,0.75565,0.77307,0.82537,0.47018,1.73328,1.1079,3.14799,0.000985414,0.000985414,0.000985414
415,391.29,0.46917,0.38742,1.08097,0.87694,0.75442,0.87699,0.48641,1.68732,0.95178,3.0445,0.000983763,0.000983763,0.000983763
416,392.2,0.5077,0.39669,1.102,0.86718,0.80937,0.89043,0.50848,1.71589,0.87779,3.12471,0.000982113,0.000982113,0.000982113
417,393.106,0.53445,0.42216,1.12632,0.83574,0.82886,0.85985,0.47032,1.73507,0.89025,3.16805,0.000980463,0.000980463,0.000980463
418,394.022,0.50216,0.41094,1.09399,0.84836,0.875,0.90404,0.51039,1.72207,0.83781,3.24255,0.000978812,0.000978812,0.000978812
419,394.934,0.45014,0.40785,1.07155,0.91273,0.88024,0.93441,0.49232,1.6983,0.76077,3.15504,0.000977162,0.000977162,0.000977162
420,395.86,0.46146,0.389,1.05213,0.90299,0.875,0.9457,0.52252,1.64687,0.8029,3.11396,0.000975512,0.000975512,0.000975512
421,397.022,0.5377,0.41982,1.11822,0.81549,0.9,0.89004,0.48741,1.65441,0.84594,3.08921,0.000973861,0.000973861,0.000973861
422,397.934,0.49812,0.42424,1.11566,0.80689,0.9,0.86224,0.47683,1.62177,0.93197,3.02775,0.000972211,0.000972211,0.000972211
423,398.85,0.48482,0.37883,1.09721,0.84579,0.77431,0.84889,0.45569,1.65678,1.03026,3.06279,0.000970561,0.000970561,0.000970561
424,399.769,0.48442,0.37579,1.04535,0.83015,0.79223,0.86489,0.46837,1.70887,1.07854,3.14327,0.00096891,0.00096891,0.00096891
425,400.689,0.52636,0.4053,1.14485,0.89495,0.78778,0.88334,0.48387,1.72857,1.02303,3.15267,0.00096726,0.00096726,0.00096726
426,401.858,0.49904,0.39788,1.08923,0.87296,0.83425,0.8654,0.46213,1.82483,0.9332,3.29256,0.00096561,0.00096561,0.00096561
427,402.756,0.48124,0.38171,1.07034,0.89496,0.825,0.87459,0.46726,1.82763,0.89284,3.30108,0.000963959,0.000963959,0.000963959
428,403.667,0.53774,0.38644,1.12047,0.90548,0.85,0.86056,0.43796,1.7948,0.90023,3.25393,0.000962309,0.000962309,0.000962309
429,404.574,0.58759,0.47816,1.19097,0.90635,0.84147,0.87785,0.45763,1.80766,0.96789,3.28622,0.000960659,0.000960659,0.000960659
430,405.504,0.52954,0.40589,1.11378,0.89522,0.825,0.86079,0.46862,1.76395,0.93849,3.09179,0.000959008,0.000959008,0.000959008
431,406.438,0.55987,0.44069,1.13471,0.82813,0.886,0.92005,0.48995,1.66327,0.85269,2.80591,0.000957358,0.000957358,0.000957358
432,407.609,0.49026,0.39225,1.08745,0.88497,0.875,0.93057,0.49915,1.55407,0.8864,2.72177,0.000955708,0.000955708,0.000955708
433,408.54,0.49406,0.38829,1.08769,0.86727,0.89345,0.92891,0.49226,1.56896,0.9359,2.83053,0.000954057,0.000954057,0.000954057
434,409.463,0.49399,0.47655,1.08943,0.88266,0.82494,0.88816,0.47123,1.68782,1.09234,2.97725,0.000952407,0.000952407,0.000952407
435,410.373,0.50176,0.40652,1.11253,0.85239,0.89836,0.89853,0.46459,1.68671,0.97535,2.99211,0.000950757,0.000950757,0.000950757
436,411.29,0.44959,0.37101,1.06901,0.86058,0.9,0.89414,0.42907,1.71188,1.03441,2.98773,0.000949106,0.000949106,0.000949106
437,412.472,0.45554,0.36674,1.08222,0.89178,0.82643,0.90513,0.47001,1.69332,0.9911,2.94481,0.000947456,0.000947456,0.000947456
438,413.377,0.50814,0.42924,1.08294,0.81362,0.90925,0.91771,0.50454,1.57663,0.89658,2.81703,0.000945806,0.000945806,0.000945806
439,414.293,0.46122,0.37849,1.08833,0.8797,0.90882,0.93647,0.52038,1.50101,0.90281,2.71839,0.000944155,0.000944155,0.000944155
440,415.208,0.45358,0.34859,1.04796,0.88209,0.90346,0.94007,0.52447,1.53354,0.83527,2.79395,0.000942505,0.000942505,0.000942505
441,416.139,0.52392,0.43568,1.11147,0.95421,0.8875,0.95272,0.51508,1.59056,0.81648,2.93148,0.000940855,0.000940855,0.000940855
442,417.057,0.49315,0.41394,1.09332,0.93979,0.89151,0.95197,0.52901,1.6197,0.80061,3.0086,0.000939204,0.000939204,0.000939204
443,418.217,0.49145,0.38744,1.09376,0.94658,0.88645,0.94956,0.50949,1.63027,0.7909,3.06188,0.000937554,0.000937554,0.000937554
444,419.141,0.50866,0.41862,1.10923,0.9167,0.925,0.95637,0.5141,1.62928,0.80223,3.01123,0.000935904,0.000935904,0.000935904
445,420.058,0.49297,0.3643,1.06989,0.8934,0.91162,0.95902,0.52078,1.59415,0.83643,2.9176,0.000934253,0.000934253,0.000934253
446,420.984,0.49052,0.41314,1.08287,0.81954,0.96941,0.95427,0.50697,1.63272,0.84614,3.00059,0.000932603,0.000932603,0.000932603
447,421.905,0.46253,0.34152,1.06434,0.87241,0.925,0.94734,0.49358,1.68197,0.9173,3.06952,0.000930953,0.000930953,0.000930953
448,423.082,0.52749,0.40165,1.11357,0.831,0.89445,0.9108,0.48377,1.72209,0.96574,3.13856,0.000929302,0.000929302,0.000929302
449,423.998,0.49503,0.44185,1.10154,0.82926,0.9195,0.90963,0.48192,1.67829,0.90919,3.01141,0.000927652,0.000927652,0.000927652
450,424.916,0.46313,0.38004,1.0882,0.77236,0.95,0.9237,0.50456,1.60068,0.90492,2.87603,0.000926002,0.000926002,0.000926002
451,425.832,0.51121,0.41242,1.12086,0.84779,0.89222,0.93826,0.50888,1.65113,0.90137,2.946,0.000924352,0.000924352,0.000924352
452,426.75,0.44716,0.40263,1.05287,0.79918,0.9,0.92958,0.50432,1.68814,0.90892,3.01175,0.000922701,0.000922701,0.000922701
453,427.669,0.46864,0.37713,1.10288,0.92205,0.84387,0.9318,0.50216,1.65086,0.93368,3.00186,0.000921051,0.000921051,0.000921051
454,428.849,0.4409,0.4123,1.06421,0.95838,0.85,0.94274,0.4868,1.62967,0.94852,2.96926,0.000919401,0.000919401,0.000919401
455,429.77,0.494,0.37599,1.06981,0.8488,0.925,0.95162,0.49047,1.70842,0.91631,3.09838,0.00091775,0.00091775,0.00091775
456,430.694,0.44621,0.37595,1.07827,0.84134,0.92267,0.95206,0.50268,1.70201,0.95782,3.12256,0.0009161,0.0009161,0.0009161
457,431.62,0.48359,0.38805,1.04824,0.90972,0.8,0.93315,0.50124,1.65427,0.87381,3.08243,0.00091445,0.00091445,0.00091445
458,432.543,0.44208,0.37183,1.07707,0.91836,0.81787,0.89443,0.47734,1.73387,0.91777,3.20333,0.000912799,0.000912799,0.000912799
459,433.722,0.46487,0.38644,1.09823,0.90219,0.80472,0.85648,0.45343,1.84036,1.0615,3.35371,0.000911149,0.000911149,0.000911149
460,434.625,0.46123,0.37641,1.07556,0.89208,0.80324,0.85158,0.44153,1.77473,1.04691,3.21635,0.000909499,0.000909499,0.000909499
461,435.54,0.4868,0.39035,1.07214,0.87764,0.86943,0.90374,0.49139,1.61442,0.94956,2.96798,0.000907848,0.000907848,0.000907848
462,436.469,0.50379,0.42998,1.09046,0.88491,0.87401,0.8987,0.49718,1.58471,0.93649,2.90317,0.000906198,0.000906198,0.000906198
463,437.39,0.5175,0.4533,1.09003,0.79458,0.92439,0.89949,0.48481,1.66196,0.97044,3.01603,0.000904548,0.000904548,0.000904548
464,438.301,0.45113,0.36848,1.08286,0.89058,0.85,0.88548,0.48482,1.65016,1.15383,2.98064,0.000902897,0.000902897,0.000902897
465,439.468,0.43316,0.38142,1.07882,0.85845,0.85773,0.87021,0.48022,1.57956,1.19264,2.90347,0.000901247,0.000901247,0.000901247
466,440.389,0.47445,0.3849,1.09363,0.84733,0.81786,0.84328,0.45754,1.59806,1.1693,2.94598,0.000899597,0.000899597,0.000899597
467,441.311,0.5295,0.39851,1.0895,0.8324,0.84532,0.85405,0.50805,1.55324,1.13096,2.90662,0.000897946,0.000897946,0.000897946
468,442.233,0.44456,0.36323,1.06285,0.84887,0.85185,0.89263,0.53515,1.51488,1.03567,2.85794,0.000896296,0.000896296,0.000896296
469,443.145,0.47608,0.36107,1.09326,0.78821,0.875,0.85286,0.51674,1.49588,1.06914,2.77574,0.000894646,0.000894646,0.000894646
470,444.32,0.46337,0.38073,1.04897,0.82501,0.80595,0.83177,0.50882,1.5303,1.10427,2.84306,0.000892995,0.000892995,0.000892995
471,445.224,0.5059,0.3837,1.10544,0.83385,0.775,0.84253,0.51044,1.57806,1.18942,2.9086,0.000891345,0.000891345,0.000891345
472,446.138,0.47185,0.35423,1.07614,0.85963,0.73924,0.82765,0.45598,1.66704,1.24691,3.01085,0.000889695,0.000889695,0.000889695
473,447.075,0.44225,0.37232,1.05947,0.79086,0.77864,0.79216,0.42885,1.71082,1.25163,3.1542,0.000888044,0.000888044,0.000888044
474,447.993,0.44093,0.37597,1.06391,0.77521,0.79738,0.81805,0.43292,1.72144,1.27053,3.16131,0.000886394,0.000886394,0.000886394
475,448.904,0.47261,0.38365,1.07069,0.74342,0.84884,0.82602,0.46252,1.61655,1.29611,2.94065,0.000884744,0.000884744,0.000884744
476,450.071,0.47725,0.35259,1.07578,0.80171,0.78743,0.83557,0.48233,1.58431,1.20083,2.88194,0.000883093,0.000883093,0.000883093
477,450.991,0.46166,0.35459,1.05148,0.79844,0.8,0.83273,0.49191,1.59745,1.12994,2.93247,0.000881443,0.000881443,0.000881443
478,451.914,0.42866,0.34052,1.05825,0.82021,0.825,0.84202,0.47942,1.61106,1.04454,2.95588,0.000879793,0.000879793,0.000879793
479,452.831,0.50855,0.5046,1.12532,0.71276,0.825,0.83562,0.46995,1.61031,1.03625,2.90085,0.000878142,0.000878142,0.000878142
480,453.753,0.44799,0.37006,1.06063,0.74454,0.87983,0.86421,0.50017,1.58354,1.01805,2.83433,0.000876492,0.000876492,0.000876492
481,454.907,0.42399,0.35066,1.06163,0.82782,0.74202,0.85182,0.50333,1.58529,1.00198,2.8039,0.000874842,0.000874842,0.000874842
482,455.811,0.48993,0.37307,1.11366,0.87126,0.79467,0.88205,0.52777,1.55998,0.9882,2.68881,0.000873191,0.000873191,0.000873191
483,456.706,0.40989,0.36074,1.05294,0.80604,0.85304,0.8675,0.50476,1.55227,1.07696,2.65418,0.000871541,0.000871541,0.000871541
